<?xml version="1.0" encoding="utf-8"?><feed xmlns="http://www.w3.org/2005/Atom" ><generator uri="https://jekyllrb.com/" version="3.8.5">Jekyll</generator><link href="/perf-training/feed.xml" rel="self" type="application/atom+xml" /><link href="/perf-training/" rel="alternate" type="text/html" /><updated>2019-11-14T18:30:18+00:00</updated><id>/perf-training/feed.xml</id><title type="html">New Zealand eScience Infrastructure - Performance Optimisation Training</title><subtitle>Training materials for a hands-on workshop on Performance Optimisation
</subtitle></feed>